{
  "Orgs": [
    {
      "Guid": "0d6740ff-58b5-4dd7-8a73-8d05654649fa",
      "CreationTime": "2019-06-07T14:29:55Z",
      "UpdateTime": "2019-06-07T19:07:46Z",
      "Name": "apptx-sandbox-org",
      "IsSuspended": false,
      "Spaces": [
        {
          "Guid": "382de633-ae84-40a3-9321-a2b7214d82a0",
          "CreationTime": "2019-06-07T15:52:29Z",
          "UpdateTime": "2019-06-07T18:41:46Z",
          "Name": "jd684851",
          "IsSuspended": false
        },
        {
          "Guid": "c4111e7c-d156-4fa4-84ba-011329e2b120",
          "CreationTime": "2019-06-07T16:14:39Z",
          "UpdateTime": "2019-06-07T17:57:46Z",
          "Name": "bss00007",
          "IsSuspended": false
        },
        {
          "Guid": "b59ad887-5b2f-4d10-bdb1-09b358f3b96d",
          "CreationTime": "2019-06-07T17:22:11Z",
          "UpdateTime": "2019-06-07T17:52:38Z",
          "Name": "arg00002",
          "IsSuspended": false
        },
        {
          "Guid": "5eb36105-eb0a-48e6-a1b5-7c517dbaa492",
          "CreationTime": "2019-06-07T17:44:21Z",
          "UpdateTime": "2019-06-07T17:57:33Z",
          "Name": "dev",
          "IsSuspended": false
        },
        {
          "Guid": "aa3c214b-404a-42a3-87b4-44087c995bb1",
          "CreationTime": "2019-06-07T18:39:23Z",
          "UpdateTime": "2019-06-07T18:40:49Z",
          "Name": "aj04041",
          "IsSuspended": false
        },
        {
          "Guid": "30d1e542-f433-4095-a35e-b685955c080f",
          "CreationTime": "2019-06-10T14:38:01Z",
          "UpdateTime": "2019-06-10T14:38:01Z",
          "Name": "wdereu",
          "IsSuspended": false
        },
        {
          "Guid": "6df4e6fb-b0f9-409f-ad13-a3dd1c860ff3",
          "CreationTime": "2019-06-11T09:28:10Z",
          "UpdateTime": "2019-06-11T09:28:10Z",
          "Name": "brb00003",
          "IsSuspended": false
        },
        {
          "Guid": "64d8cb48-f05e-452e-81a3-4669ec064aed",
          "CreationTime": "2019-06-17T20:36:43Z",
          "UpdateTime": "2019-06-17T20:36:43Z",
          "Name": "b2bdev",
          "IsSuspended": false
        },
        {
          "Guid": "6fd63c53-2bd5-45af-a6b5-d0a00a58cd6e",
          "CreationTime": "2019-06-17T20:37:48Z",
          "UpdateTime": "2019-06-17T20:37:48Z",
          "Name": "n621842",
          "IsSuspended": false
        },
        {
          "Guid": "318f58dc-05dd-48c9-a463-2713db0954ac",
          "CreationTime": "2019-06-18T17:30:55Z",
          "UpdateTime": "2019-06-18T17:30:55Z",
          "Name": "bns00006",
          "IsSuspended": false
        },
        {
          "Guid": "56919ef6-b41e-4d38-8834-1480fb03c1b4",
          "CreationTime": "2019-07-11T13:27:47Z",
          "UpdateTime": "2019-07-11T13:27:47Z",
          "Name": "amdev",
          "IsSuspended": false
        },
        {
          "Guid": "20428152-84ea-41e8-af3e-9aa2c5fe305d",
          "CreationTime": "2019-07-24T21:04:21Z",
          "UpdateTime": "2019-07-24T21:04:21Z",
          "Name": "n688191",
          "IsSuspended": false
        },
        {
          "Guid": "03ebc430-ebc8-41b8-98c8-857f512b48be",
          "CreationTime": "2019-10-24T17:59:12Z",
          "UpdateTime": "2019-10-24T17:59:12Z",
          "Name": "i715298",
          "IsSuspended": false
        },
        {
          "Guid": "d5837801-2b48-455b-8031-c85bae59120d",
          "CreationTime": "2019-11-05T15:48:12Z",
          "UpdateTime": "2019-11-05T15:48:12Z",
          "Name": "i718784",
          "IsSuspended": false
        },
        {
          "Guid": "e094bcc2-69c0-4c8d-87db-8f610a0062fa",
          "CreationTime": "2019-12-04T14:26:07Z",
          "UpdateTime": "2019-12-04T14:26:07Z",
          "Name": "i693134",
          "IsSuspended": false
        },
        {
          "Guid": "d187fcac-ef95-40b5-bf18-843406d4369e",
          "CreationTime": "2019-12-09T17:52:48Z",
          "UpdateTime": "2020-09-04T15:47:19Z",
          "Name": "Myvoya-dev",
          "IsSuspended": false
        },
        {
          "Guid": "f3595f43-7a93-4dd4-b09e-07a1b2732c24",
          "CreationTime": "2019-12-11T16:37:23Z",
          "UpdateTime": "2019-12-11T16:37:23Z",
          "Name": "pweb-dev",
          "IsSuspended": false
        },
        {
          "Guid": "d70046e6-9d72-4068-8c29-7dea851c6448",
          "CreationTime": "2020-02-05T14:16:27Z",
          "UpdateTime": "2020-02-05T14:16:27Z",
          "Name": "i721770",
          "IsSuspended": false
        },
        {
          "Guid": "653f7a3b-ab15-4536-b89f-a794f77868ab",
          "CreationTime": "2020-02-20T19:11:34Z",
          "UpdateTime": "2020-02-20T19:11:34Z",
          "Name": "i720018",
          "IsSuspended": false
        },
        {
          "Guid": "edf727c7-9695-40f6-b23e-8b23a3166966",
          "CreationTime": "2020-03-25T17:40:33Z",
          "UpdateTime": "2020-03-25T17:40:33Z",
          "Name": "i723548",
          "IsSuspended": false
        },
        {
          "Guid": "9ef661ce-c340-4a6e-b355-a62203e7ec61",
          "CreationTime": "2020-04-25T10:01:32Z",
          "UpdateTime": "2020-04-25T10:01:32Z",
          "Name": "ebdev",
          "IsSuspended": false
        },
        {
          "Guid": "7b596e4c-4b94-4a4f-8de5-b125b55d788a",
          "CreationTime": "2020-05-13T15:35:55Z",
          "UpdateTime": "2020-05-13T15:35:55Z",
          "Name": "kaywind",
          "IsSuspended": false
        },
        {
          "Guid": "e6ef04c7-3ded-4db5-859f-c7103f25217c",
          "CreationTime": "2020-05-21T19:10:22Z",
          "UpdateTime": "2020-05-21T19:10:22Z",
          "Name": "i718773",
          "IsSuspended": false
        },
        {
          "Guid": "70b9bceb-4edb-4273-8b7b-80cd1f92247e",
          "CreationTime": "2020-06-05T15:34:55Z",
          "UpdateTime": "2020-06-05T15:34:55Z",
          "Name": "pcf-ref-app",
          "IsSuspended": false
        },
        {
          "Guid": "872edfcd-c3cb-4f39-9020-cbf24db256eb",
          "CreationTime": "2020-06-12T01:58:19Z",
          "UpdateTime": "2020-06-12T01:58:19Z",
          "Name": "am-vdao-dev",
          "IsSuspended": false
        },
        {
          "Guid": "a7852244-23b4-4574-a865-d2cda21b5615",
          "CreationTime": "2020-06-16T12:38:14Z",
          "UpdateTime": "2020-06-16T12:38:14Z",
          "Name": "eportal-dev",
          "IsSuspended": false
        },
        {
          "Guid": "ca20894f-44c4-4a2b-aad3-0ab718f1a079",
          "CreationTime": "2020-06-26T13:25:35Z",
          "UpdateTime": "2020-06-26T13:25:35Z",
          "Name": "am-myvoya-dev",
          "IsSuspended": false
        },
        {
          "Guid": "6d623f02-ca78-4079-ba6f-049d530f263a",
          "CreationTime": "2020-06-26T15:10:54Z",
          "UpdateTime": "2020-06-26T15:10:54Z",
          "Name": "am-pweb-dev",
          "IsSuspended": false
        },
        {
          "Guid": "c4a9c18c-220c-4c8a-9b94-121e76d88ec7",
          "CreationTime": "2021-01-19T03:36:08Z",
          "UpdateTime": "2021-01-19T03:36:08Z",
          "Name": "genesys-dev",
          "IsSuspended": false
        }
      ]
    },
    {
      "Guid": "ad27d6d3-a54d-4ab8-b11c-f3496230c905",
      "CreationTime": "2019-06-07T15:31:29Z",
      "UpdateTime": "2019-06-07T15:32:37Z",
      "Name": "corers",
      "IsSuspended": false,
      "Spaces": [
        {
          "Guid": "8f0a0e97-5965-4efb-a8e4-f9fdbfc986bb",
          "CreationTime": "2019-06-07T15:32:01Z",
          "UpdateTime": "2019-06-07T15:32:43Z",
          "Name": "accp-external",
          "IsSuspended": false
        },
        {
          "Guid": "6e81e7a3-40bc-4460-967c-665c1bc437fb",
          "CreationTime": "2019-06-07T15:32:01Z",
          "UpdateTime": "2019-06-07T15:32:43Z",
          "Name": "accp-internal",
          "IsSuspended": false
        },
        {
          "Guid": "50c809a8-d305-489b-ab3b-2cd196739742",
          "CreationTime": "2019-06-07T15:32:01Z",
          "UpdateTime": "2019-06-07T15:32:48Z",
          "Name": "intg",
          "IsSuspended": false
        },
        {
          "Guid": "ef5152fe-d3f3-4534-bd2b-3839bd60e457",
          "CreationTime": "2019-06-07T15:32:01Z",
          "UpdateTime": "2019-06-07T15:32:48Z",
          "Name": "unit",
          "IsSuspended": false
        }
      ]
    },
    {
      "Guid": "dbe33f9f-d205-4b50-989e-4a9d42af2ee0",
      "CreationTime": "2019-06-07T15:31:29Z",
      "UpdateTime": "2019-06-07T15:32:38Z",
      "Name": "financialtools",
      "IsSuspended": false,
      "Spaces": [
        {
          "Guid": "4be1a19a-6982-4071-9ba9-0b436b9777f0",
          "CreationTime": "2019-06-07T15:32:01Z",
          "UpdateTime": "2019-06-07T15:32:48Z",
          "Name": "accp-external",
          "IsSuspended": false
        },
        {
          "Guid": "2da8f475-f0e9-41ed-b03e-61ea39b6167f",
          "CreationTime": "2019-06-07T15:32:01Z",
          "UpdateTime": "2019-06-07T15:32:53Z",
          "Name": "accp-internal",
          "IsSuspended": false
        },
        {
          "Guid": "235c6a7c-f51c-4fd0-9098-c47c55a0df07",
          "CreationTime": "2019-06-07T15:32:02Z",
          "UpdateTime": "2019-06-07T15:32:53Z",
          "Name": "intg",
          "IsSuspended": false
        },
        {
          "Guid": "28a5283b-5d72-4079-b9f5-ae58fc3a27ce",
          "CreationTime": "2019-06-07T15:32:02Z",
          "UpdateTime": "2019-06-07T15:32:53Z",
          "Name": "unit",
          "IsSuspended": false
        }
      ]
    },
    {
      "Guid": "05486852-2a25-4c9b-a845-37f011b5d31f",
      "CreationTime": "2019-07-18T17:05:47Z",
      "UpdateTime": "2019-07-18T17:07:04Z",
      "Name": "configandcontent",
      "IsSuspended": false,
      "Spaces": [
        {
          "Guid": "2b1dfde9-4d2c-48ef-ad14-b9cd586e0eb7",
          "CreationTime": "2019-07-18T17:06:22Z",
          "UpdateTime": "2019-07-18T17:07:10Z",
          "Name": "accp-external",
          "IsSuspended": false
        },
        {
          "Guid": "003a8957-2681-4925-b748-fd8c352d3f29",
          "CreationTime": "2019-07-18T17:06:22Z",
          "UpdateTime": "2019-07-18T17:07:15Z",
          "Name": "accp-internal",
          "IsSuspended": false
        },
        {
          "Guid": "72fe259b-8de9-49f0-bb33-1319d4efd8e5",
          "CreationTime": "2019-07-18T17:06:22Z",
          "UpdateTime": "2019-07-18T17:07:15Z",
          "Name": "intg",
          "IsSuspended": false
        },
        {
          "Guid": "ff151386-68b4-4ced-8ef5-4d01fa4bf594",
          "CreationTime": "2019-07-18T17:06:22Z",
          "UpdateTime": "2019-07-18T17:07:15Z",
          "Name": "unit",
          "IsSuspended": false
        }
      ]
    },
    {
      "Guid": "671dd684-81bc-44f4-bd6b-2c8c28bb66e6",
      "CreationTime": "2019-07-18T17:05:47Z",
      "UpdateTime": "2019-07-18T17:07:09Z",
      "Name": "correspondence",
      "IsSuspended": false,
      "Spaces": [
        {
          "Guid": "e5401f15-1dad-4acc-a959-57805a24cf2d",
          "CreationTime": "2019-07-18T17:06:22Z",
          "UpdateTime": "2019-07-18T17:07:20Z",
          "Name": "accp-external",
          "IsSuspended": false
        },
        {
          "Guid": "41ec5afd-f4c5-419f-9b32-dd1a4248b58e",
          "CreationTime": "2019-07-18T17:06:22Z",
          "UpdateTime": "2019-07-18T17:07:20Z",
          "Name": "accp-internal",
          "IsSuspended": false
        },
        {
          "Guid": "c3336cfe-099c-42ba-b361-5131a1704f9b",
          "CreationTime": "2019-07-18T17:06:22Z",
          "UpdateTime": "2019-07-18T17:07:20Z",
          "Name": "intg",
          "IsSuspended": false
        },
        {
          "Guid": "4e09181b-3030-4094-85ce-af372c44a72c",
          "CreationTime": "2019-07-18T17:06:22Z",
          "UpdateTime": "2019-07-18T17:07:25Z",
          "Name": "unit",
          "IsSuspended": false
        }
      ]
    },
    {
      "Guid": "911cbb93-f18e-4d98-8527-dce461b308b6",
      "CreationTime": "2019-07-18T17:05:47Z",
      "UpdateTime": "2019-07-18T17:07:09Z",
      "Name": "portalapps",
      "IsSuspended": false,
      "Spaces": [
        {
          "Guid": "a5e5283b-71c5-43cf-975f-c1fa9039d000",
          "CreationTime": "2019-07-18T17:06:22Z",
          "UpdateTime": "2019-07-18T17:07:25Z",
          "Name": "accp-external",
          "IsSuspended": false
        },
        {
          "Guid": "08f128ff-61f2-4b46-a920-c0a6a1086b5c",
          "CreationTime": "2019-07-18T17:06:22Z",
          "UpdateTime": "2019-07-18T17:07:25Z",
          "Name": "accp-internal",
          "IsSuspended": false
        },
        {
          "Guid": "531f90b7-c7c2-40bf-a8c3-31c67a53b01d",
          "CreationTime": "2019-07-18T17:06:22Z",
          "UpdateTime": "2019-07-18T17:07:25Z",
          "Name": "intg",
          "IsSuspended": false
        },
        {
          "Guid": "cdc8c555-31a1-45b9-b0f5-000f93567858",
          "CreationTime": "2019-07-18T17:06:22Z",
          "UpdateTime": "2019-07-18T17:07:30Z",
          "Name": "unit",
          "IsSuspended": false
        }
      ]
    },
    {
      "Guid": "dfa0f4f3-d69d-473a-8ca9-2fe97bcad7dc",
      "CreationTime": "2019-07-18T17:05:47Z",
      "UpdateTime": "2019-07-18T17:07:09Z",
      "Name": "retail",
      "IsSuspended": false,
      "Spaces": [
        {
          "Guid": "e39f4bb1-9cf1-4f73-992f-5f92fbcc1953",
          "CreationTime": "2019-07-18T17:06:22Z",
          "UpdateTime": "2019-07-18T17:07:30Z",
          "Name": "accp-external",
          "IsSuspended": false
        },
        {
          "Guid": "b5220714-b709-4706-a6ba-9362364f3172",
          "CreationTime": "2019-07-18T17:06:22Z",
          "UpdateTime": "2019-07-18T17:07:31Z",
          "Name": "accp-internal",
          "IsSuspended": false
        },
        {
          "Guid": "864cf6a0-3ad9-4809-89a7-2d70723a4a60",
          "CreationTime": "2019-07-18T17:06:22Z",
          "UpdateTime": "2019-07-18T17:07:36Z",
          "Name": "intg",
          "IsSuspended": false
        },
        {
          "Guid": "f32f815a-68b7-4ce0-8be5-108858cb9aad",
          "CreationTime": "2019-07-18T17:06:22Z",
          "UpdateTime": "2019-07-18T17:07:36Z",
          "Name": "unit",
          "IsSuspended": false
        }
      ]
    },
    {
      "Guid": "e38ae631-e715-4cdb-8859-abba72da0ea0",
      "CreationTime": "2019-08-23T19:01:00Z",
      "UpdateTime": "2019-08-23T19:01:57Z",
      "Name": "b2bapps",
      "IsSuspended": false,
      "Spaces": [
        {
          "Guid": "b0e49d35-c4c3-469e-8313-fd8e39822513",
          "CreationTime": "2019-08-23T19:01:40Z",
          "UpdateTime": "2019-08-23T19:02:02Z",
          "Name": "accp-external",
          "IsSuspended": false
        },
        {
          "Guid": "d8dff91d-7f07-4b5f-aaf4-9952f71f9e15",
          "CreationTime": "2019-08-23T19:01:40Z",
          "UpdateTime": "2019-08-23T19:02:02Z",
          "Name": "accp-internal",
          "IsSuspended": false
        },
        {
          "Guid": "0278c54c-3253-42bd-95f8-74b3f7b64205",
          "CreationTime": "2019-08-23T19:01:40Z",
          "UpdateTime": "2019-08-23T19:02:02Z",
          "Name": "intg",
          "IsSuspended": false
        },
        {
          "Guid": "f7844fa6-9ead-4e11-8ee9-998456516d06",
          "CreationTime": "2019-08-23T19:01:40Z",
          "UpdateTime": "2019-08-23T19:02:07Z",
          "Name": "unit",
          "IsSuspended": false
        }
      ]
    },
    {
      "Guid": "62a3c2d0-165c-4cb0-9070-dd7406599b7e",
      "CreationTime": "2019-08-26T19:32:41Z",
      "UpdateTime": "2019-08-26T19:34:40Z",
      "Name": "b2bservices",
      "IsSuspended": false,
      "Spaces": [
        {
          "Guid": "466c3988-b71b-4c85-b465-fbaca0ac4298",
          "CreationTime": "2019-08-26T19:33:54Z",
          "UpdateTime": "2019-08-26T19:34:45Z",
          "Name": "accp-external",
          "IsSuspended": false
        },
        {
          "Guid": "d0e14be8-a2ef-47ed-ade4-71ff555c3e0d",
          "CreationTime": "2019-08-26T19:33:54Z",
          "UpdateTime": "2019-08-26T19:34:45Z",
          "Name": "accp-internal",
          "IsSuspended": false
        },
        {
          "Guid": "1049f79d-15b0-42be-a3c1-03f8ed39c5fd",
          "CreationTime": "2019-08-26T19:33:54Z",
          "UpdateTime": "2019-08-26T19:34:45Z",
          "Name": "intg",
          "IsSuspended": false
        },
        {
          "Guid": "9ddf5661-0c22-4639-8d88-e163bd42ca43",
          "CreationTime": "2019-08-26T19:33:54Z",
          "UpdateTime": "2019-08-26T19:34:50Z",
          "Name": "unit",
          "IsSuspended": false
        }
      ]
    },
    {
      "Guid": "14267244-a6f2-4c9a-a9b5-212849c185ef",
      "CreationTime": "2020-01-16T19:02:39Z",
      "UpdateTime": "2020-01-16T19:03:28Z",
      "Name": "securitygateway",
      "IsSuspended": false,
      "Spaces": [
        {
          "Guid": "921fdedc-7bf1-460e-bef9-a185d22ef1f8",
          "CreationTime": "2020-01-16T19:03:06Z",
          "UpdateTime": "2020-01-16T19:03:28Z",
          "Name": "accp-external",
          "IsSuspended": false
        },
        {
          "Guid": "d3764557-596a-4121-b9aa-8f316d848dce",
          "CreationTime": "2020-01-16T19:03:06Z",
          "UpdateTime": "2020-01-16T19:03:28Z",
          "Name": "accp-internal",
          "IsSuspended": false
        },
        {
          "Guid": "11cf46f0-8455-4444-88d4-185211d7f69d",
          "CreationTime": "2020-01-16T19:03:06Z",
          "UpdateTime": "2020-01-16T19:03:28Z",
          "Name": "intg",
          "IsSuspended": false
        },
        {
          "Guid": "decc4875-cd2b-46e9-aa28-07effcad8c29",
          "CreationTime": "2020-01-16T19:03:06Z",
          "UpdateTime": "2020-01-16T19:03:33Z",
          "Name": "unit",
          "IsSuspended": false
        }
      ]
    },
    {
      "Guid": "37020b9f-9f78-4619-b46b-39844b43a26b",
      "CreationTime": "2020-06-17T18:23:52Z",
      "UpdateTime": "2020-06-17T18:24:19Z",
      "Name": "batchrs",
      "IsSuspended": false,
      "Spaces": [
        {
          "Guid": "ff3febde-24e1-4e3d-a70b-7604972df407",
          "CreationTime": "2020-06-17T18:24:12Z",
          "UpdateTime": "2020-06-17T18:24:20Z",
          "Name": "accp-external",
          "IsSuspended": false
        },
        {
          "Guid": "e89a25d2-e4e2-4e16-ab8f-885db75e7767",
          "CreationTime": "2020-06-17T18:24:12Z",
          "UpdateTime": "2020-06-17T18:24:20Z",
          "Name": "accp-internal",
          "IsSuspended": false
        },
        {
          "Guid": "a7e922d8-44cc-4dd2-ba7c-e31b56b6f7b3",
          "CreationTime": "2020-06-17T18:24:12Z",
          "UpdateTime": "2020-06-17T18:24:20Z",
          "Name": "intg",
          "IsSuspended": false
        },
        {
          "Guid": "5dbe9990-d8b1-4527-93a5-6d32a4e5295f",
          "CreationTime": "2020-06-17T18:24:12Z",
          "UpdateTime": "2020-06-17T18:24:20Z",
          "Name": "unit",
          "IsSuspended": false
        }
      ]
    },
    {
      "Guid": "377bf7c8-053e-4f45-9a49-53380a003b89",
      "CreationTime": "2020-08-05T15:40:02Z",
      "UpdateTime": "2020-08-05T15:41:02Z",
      "Name": "b2bportalapps",
      "IsSuspended": false,
      "Spaces": [
        {
          "Guid": "0d4a9e17-f633-4a48-a106-d782b42ed6a4",
          "CreationTime": "2020-08-05T15:40:42Z",
          "UpdateTime": "2020-08-05T15:41:03Z",
          "Name": "accp-external",
          "IsSuspended": false
        },
        {
          "Guid": "1940395f-0b2d-45aa-9ecc-4a614a7801bc",
          "CreationTime": "2020-08-05T15:40:42Z",
          "UpdateTime": "2020-08-05T15:41:03Z",
          "Name": "accp-internal",
          "IsSuspended": false
        },
        {
          "Guid": "a3723183-ead2-4106-82c5-cf2ea70033c6",
          "CreationTime": "2020-08-05T15:40:42Z",
          "UpdateTime": "2020-08-05T15:41:03Z",
          "Name": "intg",
          "IsSuspended": false
        },
        {
          "Guid": "b1e7e6dd-7346-492b-9011-46081cc8a09f",
          "CreationTime": "2020-08-05T15:40:42Z",
          "UpdateTime": "2020-08-05T15:41:03Z",
          "Name": "unit",
          "IsSuspended": false
        }
      ]
    }
  ]
}
