{
  "Orgs": [
    {
      "Guid": "2f646e07-397d-4074-8cd8-25822c09a9a2",
      "CreationTime": "2019-05-16T22:20:35Z",
      "UpdateTime": "2020-08-19T19:50:24Z",
      "Name": "corers",
      "IsSuspended": false,
      "Spaces": [
        {
          "Guid": "cda165fe-8949-4b95-8e75-02f0caa88aea",
          "CreationTime": "2019-05-16T22:21:00Z",
          "UpdateTime": "2019-05-16T22:21:38Z",
          "Name": "prod-external",
          "IsSuspended": false
        },
        {
          "Guid": "f1e36368-cec8-4dc1-b936-b6ebec2cc0d9",
          "CreationTime": "2019-05-16T22:21:00Z",
          "UpdateTime": "2019-05-16T22:21:38Z",
          "Name": "prod-internal",
          "IsSuspended": false
        },
        {
          "Guid": "effea7f3-99e0-469b-9336-d3483f4ee09a",
          "CreationTime": "2020-08-19T19:50:12Z",
          "UpdateTime": "2020-08-19T19:50:25Z",
          "Name": "accp-external",
          "IsSuspended": false
        },
        {
          "Guid": "a891bc20-df4c-4546-abd7-074cd9909bc4",
          "CreationTime": "2020-08-19T19:50:12Z",
          "UpdateTime": "2020-08-19T19:50:25Z",
          "Name": "accp-internal",
          "IsSuspended": false
        }
      ]
    },
    {
      "Guid": "4d35237c-7187-4203-afb7-b4145cedef52",
      "CreationTime": "2019-05-16T22:20:35Z",
      "UpdateTime": "2020-08-19T19:50:24Z",
      "Name": "financialtools",
      "IsSuspended": false,
      "Spaces": [
        {
          "Guid": "ba6a4244-61c8-4285-bf15-4d535b24a4bd",
          "CreationTime": "2019-05-16T22:21:00Z",
          "UpdateTime": "2019-05-16T22:21:38Z",
          "Name": "prod-external",
          "IsSuspended": false
        },
        {
          "Guid": "ba3186af-ac32-4818-b074-cb0c49572c48",
          "CreationTime": "2019-05-16T22:21:00Z",
          "UpdateTime": "2019-05-16T22:21:38Z",
          "Name": "prod-internal",
          "IsSuspended": false
        },
        {
          "Guid": "1b88c1cc-96da-4b4c-9402-53f262a6ab71",
          "CreationTime": "2020-08-19T19:50:12Z",
          "UpdateTime": "2020-08-19T19:50:25Z",
          "Name": "accp-external",
          "IsSuspended": false
        },
        {
          "Guid": "767e7138-5ebc-4de9-a9b1-c1ee4f483559",
          "CreationTime": "2020-08-19T19:50:13Z",
          "UpdateTime": "2020-08-19T19:50:25Z",
          "Name": "accp-internal",
          "IsSuspended": false
        }
      ]
    },
    {
      "Guid": "e90aa4fb-b0b6-466f-afb9-8c6be362b01f",
      "CreationTime": "2019-07-18T17:47:06Z",
      "UpdateTime": "2020-08-19T19:50:24Z",
      "Name": "configandcontent",
      "IsSuspended": false,
      "Spaces": [
        {
          "Guid": "9fbaba19-6eda-485b-b70b-12e8c51be436",
          "CreationTime": "2019-07-18T17:47:36Z",
          "UpdateTime": "2019-07-18T17:48:14Z",
          "Name": "prod-external",
          "IsSuspended": false
        },
        {
          "Guid": "349940c9-7c34-4366-a4b4-0090f087755d",
          "CreationTime": "2019-07-18T17:47:36Z",
          "UpdateTime": "2019-07-18T17:48:14Z",
          "Name": "prod-internal",
          "IsSuspended": false
        },
        {
          "Guid": "1d5a3a38-6697-451e-bba0-366d8e6b3762",
          "CreationTime": "2020-08-19T19:50:12Z",
          "UpdateTime": "2020-08-19T19:50:25Z",
          "Name": "accp-external",
          "IsSuspended": false
        },
        {
          "Guid": "a5d4d672-ce48-4e2a-a8a2-68427a4f467c",
          "CreationTime": "2020-08-19T19:50:12Z",
          "UpdateTime": "2020-08-19T19:50:25Z",
          "Name": "accp-internal",
          "IsSuspended": false
        }
      ]
    },
    {
      "Guid": "97a8dcd5-3a38-47b3-bda2-e8c9d302d39b",
      "CreationTime": "2019-07-18T17:47:06Z",
      "UpdateTime": "2020-08-19T19:50:24Z",
      "Name": "correspondence",
      "IsSuspended": false,
      "Spaces": [
        {
          "Guid": "a4d0b1a4-865c-4502-a75b-20dc123b3ceb",
          "CreationTime": "2019-07-18T17:47:36Z",
          "UpdateTime": "2019-07-18T17:48:19Z",
          "Name": "prod-external",
          "IsSuspended": false
        },
        {
          "Guid": "ae9a92b8-01c7-4db7-89d0-c5df41d1ef2f",
          "CreationTime": "2019-07-18T17:47:36Z",
          "UpdateTime": "2019-07-18T17:48:19Z",
          "Name": "prod-internal",
          "IsSuspended": false
        },
        {
          "Guid": "8ba74d60-f758-4aa3-a0be-6c9a05c5c266",
          "CreationTime": "2020-08-19T19:50:12Z",
          "UpdateTime": "2020-08-19T19:50:25Z",
          "Name": "accp-external",
          "IsSuspended": false
        },
        {
          "Guid": "0c914d96-01a9-4db1-a25f-b4012e7aec6f",
          "CreationTime": "2020-08-19T19:50:12Z",
          "UpdateTime": "2020-08-19T19:50:25Z",
          "Name": "accp-internal",
          "IsSuspended": false
        }
      ]
    },
    {
      "Guid": "cddbbba4-fae6-47aa-961c-701cead2a09e",
      "CreationTime": "2019-07-18T17:47:06Z",
      "UpdateTime": "2020-08-19T19:50:24Z",
      "Name": "portalapps",
      "IsSuspended": false,
      "Spaces": [
        {
          "Guid": "0fd080fd-c580-46cc-85d7-15e217248d7f",
          "CreationTime": "2019-07-18T17:47:36Z",
          "UpdateTime": "2019-07-18T17:48:19Z",
          "Name": "prod-external",
          "IsSuspended": false
        },
        {
          "Guid": "8ef95c7b-a03f-42e0-bccc-2519229733fd",
          "CreationTime": "2019-07-18T17:47:36Z",
          "UpdateTime": "2019-07-18T17:48:24Z",
          "Name": "prod-internal",
          "IsSuspended": false
        },
        {
          "Guid": "0c67d618-faa9-4628-ade5-04432714eba0",
          "CreationTime": "2020-08-19T19:50:13Z",
          "UpdateTime": "2020-08-19T19:50:25Z",
          "Name": "accp-external",
          "IsSuspended": false
        },
        {
          "Guid": "d091b049-a238-4f79-a1a9-6f05adf2b91e",
          "CreationTime": "2020-08-19T19:50:13Z",
          "UpdateTime": "2020-08-19T19:50:25Z",
          "Name": "accp-internal",
          "IsSuspended": false
        }
      ]
    },
    {
      "Guid": "eb3e045b-0aca-41b4-b254-f065a633300f",
      "CreationTime": "2019-07-18T17:47:06Z",
      "UpdateTime": "2020-08-19T19:50:24Z",
      "Name": "retail",
      "IsSuspended": false,
      "Spaces": [
        {
          "Guid": "b5411895-5306-4a86-92fc-896037b74e42",
          "CreationTime": "2019-07-18T17:47:36Z",
          "UpdateTime": "2019-07-18T17:48:25Z",
          "Name": "prod-external",
          "IsSuspended": false
        },
        {
          "Guid": "8b90aa7f-f7af-4abf-a0d1-1bdc96c45aa9",
          "CreationTime": "2019-07-18T17:47:36Z",
          "UpdateTime": "2019-07-18T17:48:25Z",
          "Name": "prod-internal",
          "IsSuspended": false
        },
        {
          "Guid": "0fd298b7-b64a-4744-b6c7-4fec38f1a0da",
          "CreationTime": "2020-08-19T19:50:13Z",
          "UpdateTime": "2020-08-19T19:50:25Z",
          "Name": "accp-external",
          "IsSuspended": false
        },
        {
          "Guid": "2931e566-e1d5-45b5-ae5e-7bce7e66f05b",
          "CreationTime": "2020-08-19T19:50:13Z",
          "UpdateTime": "2020-08-19T19:50:26Z",
          "Name": "accp-internal",
          "IsSuspended": false
        }
      ]
    },
    {
      "Guid": "b5222008-ffe2-44e6-a5f2-2901a150a87b",
      "CreationTime": "2019-08-23T19:02:16Z",
      "UpdateTime": "2020-08-19T19:50:24Z",
      "Name": "b2bapps",
      "IsSuspended": false,
      "Spaces": [
        {
          "Guid": "8ad3752b-873c-40a5-8d6e-f501010d29df",
          "CreationTime": "2019-08-23T19:02:52Z",
          "UpdateTime": "2019-08-23T19:03:08Z",
          "Name": "prod-external",
          "IsSuspended": false
        },
        {
          "Guid": "3a708022-1d56-4072-a7b2-e85a3b2fac99",
          "CreationTime": "2019-08-23T19:02:52Z",
          "UpdateTime": "2019-08-23T19:03:08Z",
          "Name": "prod-internal",
          "IsSuspended": false
        },
        {
          "Guid": "7ae2fbd7-13d2-4a26-a8a1-fdcf9d9c94c0",
          "CreationTime": "2020-08-19T19:50:12Z",
          "UpdateTime": "2020-08-19T19:50:25Z",
          "Name": "accp-external",
          "IsSuspended": false
        },
        {
          "Guid": "d0a07de8-1cbb-4fb6-b71d-c884479c0ac4",
          "CreationTime": "2020-08-19T19:50:12Z",
          "UpdateTime": "2020-08-19T19:50:25Z",
          "Name": "accp-internal",
          "IsSuspended": false
        }
      ]
    },
    {
      "Guid": "2970837f-782e-4034-a300-cb1acddf4b97",
      "CreationTime": "2019-08-26T19:34:28Z",
      "UpdateTime": "2020-08-19T19:50:24Z",
      "Name": "b2bservices",
      "IsSuspended": false,
      "Spaces": [
        {
          "Guid": "aae221a2-9e83-4ae4-b858-14dac520073f",
          "CreationTime": "2019-08-26T19:35:04Z",
          "UpdateTime": "2019-08-26T19:35:20Z",
          "Name": "prod-external",
          "IsSuspended": false
        },
        {
          "Guid": "8ff51c98-fd63-4d99-8b35-37c6a83842ff",
          "CreationTime": "2019-08-26T19:35:04Z",
          "UpdateTime": "2019-08-26T19:35:20Z",
          "Name": "prod-internal",
          "IsSuspended": false
        },
        {
          "Guid": "8aafc43e-34ab-4e22-9630-0a2634de93f3",
          "CreationTime": "2020-08-19T19:50:12Z",
          "UpdateTime": "2020-08-19T19:50:25Z",
          "Name": "accp-external",
          "IsSuspended": false
        },
        {
          "Guid": "029638fc-a204-4599-815b-51518ff8656f",
          "CreationTime": "2020-08-19T19:50:12Z",
          "UpdateTime": "2020-08-19T19:50:25Z",
          "Name": "accp-internal",
          "IsSuspended": false
        }
      ]
    },
    {
      "Guid": "445d0e11-65e1-4971-a328-b75877608c97",
      "CreationTime": "2020-03-06T22:10:51Z",
      "UpdateTime": "2020-08-19T19:50:25Z",
      "Name": "securitygateway",
      "IsSuspended": false,
      "Spaces": [
        {
          "Guid": "2b87a1f6-3931-4d34-9178-5722dfa1a423",
          "CreationTime": "2020-03-06T22:11:27Z",
          "UpdateTime": "2020-03-06T22:11:47Z",
          "Name": "prod-external",
          "IsSuspended": false
        },
        {
          "Guid": "a616a5ca-bab8-4552-bd76-7eb4fb37c10b",
          "CreationTime": "2020-03-06T22:11:27Z",
          "UpdateTime": "2020-03-06T22:11:47Z",
          "Name": "prod-internal",
          "IsSuspended": false
        },
        {
          "Guid": "e9f34ce0-308f-4cc0-966d-10e38f6330c3",
          "CreationTime": "2020-08-19T19:50:13Z",
          "UpdateTime": "2020-08-19T19:50:26Z",
          "Name": "accp-external",
          "IsSuspended": false
        },
        {
          "Guid": "2f1d40ce-aca9-473e-a19b-54fbf0971bc3",
          "CreationTime": "2020-08-19T19:50:13Z",
          "UpdateTime": "2020-08-19T19:50:26Z",
          "Name": "accp-internal",
          "IsSuspended": false
        }
      ]
    },
    {
      "Guid": "e1abe891-44fa-4b8c-8584-ba2d7be32151",
      "CreationTime": "2020-06-18T21:52:49Z",
      "UpdateTime": "2020-08-19T19:50:24Z",
      "Name": "batchrs",
      "IsSuspended": false,
      "Spaces": [
        {
          "Guid": "0e4c15e7-02d7-4814-adbf-04fb6acebccb",
          "CreationTime": "2020-06-18T21:53:25Z",
          "UpdateTime": "2020-06-18T21:53:38Z",
          "Name": "prod-external",
          "IsSuspended": false
        },
        {
          "Guid": "ad2721da-303d-4253-8ec6-93b5b57a68d3",
          "CreationTime": "2020-06-18T21:53:25Z",
          "UpdateTime": "2020-06-18T21:53:38Z",
          "Name": "prod-internal",
          "IsSuspended": false
        },
        {
          "Guid": "3cc6e1de-3487-463f-977f-c7448928712f",
          "CreationTime": "2020-08-19T19:50:12Z",
          "UpdateTime": "2020-08-19T19:50:25Z",
          "Name": "accp-external",
          "IsSuspended": false
        },
        {
          "Guid": "01361b10-ed73-4a1d-9057-024e88440da9",
          "CreationTime": "2020-08-19T19:50:12Z",
          "UpdateTime": "2020-08-19T19:50:25Z",
          "Name": "accp-internal",
          "IsSuspended": false
        }
      ]
    },
    {
      "Guid": "792aacc1-7590-4b1a-8c02-5fbb7bee0cbf",
      "CreationTime": "2020-08-05T15:40:16Z",
      "UpdateTime": "2020-08-19T19:50:24Z",
      "Name": "b2bportalapps",
      "IsSuspended": false,
      "Spaces": [
        {
          "Guid": "01cd7a67-2a21-4ea0-b9e2-52cd45f2a743",
          "CreationTime": "2020-08-05T15:40:55Z",
          "UpdateTime": "2020-08-05T15:41:18Z",
          "Name": "prod-external",
          "IsSuspended": false
        },
        {
          "Guid": "3351a06e-8f99-4e68-9519-36a071194154",
          "CreationTime": "2020-08-05T15:40:55Z",
          "UpdateTime": "2020-08-05T15:41:18Z",
          "Name": "prod-internal",
          "IsSuspended": false
        },
        {
          "Guid": "9a2dc08a-d38f-4e1e-8e12-c5adf074113e",
          "CreationTime": "2020-08-19T19:50:12Z",
          "UpdateTime": "2020-08-19T19:50:25Z",
          "Name": "accp-external",
          "IsSuspended": false
        },
        {
          "Guid": "2bf1a86c-fe73-4f4f-95db-6cd75b40c5d0",
          "CreationTime": "2020-08-19T19:50:12Z",
          "UpdateTime": "2020-08-19T19:50:25Z",
          "Name": "accp-internal",
          "IsSuspended": false
        }
      ]
    }
  ]
}
